{
  "main": {
    "SDXL (baseline)": {
      "color": {
        "blip_vqa": 0.2442120651714504,
        "blip_std": 0.38135950983817474,
        "num_images": 5,
        "gen_time": 27.28124499320984
      },
      "shape": {
        "blip_vqa": 0.43564827954396607,
        "blip_std": 0.4648151067561888,
        "num_images": 5,
        "gen_time": 17.201570987701416
      },
      "texture": {
        "blip_vqa": 0.20607739826955368,
        "blip_std": 0.39702349392841585,
        "num_images": 5,
        "gen_time": 17.325745582580566
      }
    },
    "ToMe (Eucl.)": {
      "color": {
        "blip_vqa": 0.23077078522183,
        "blip_std": 0.38796292905340296,
        "num_images": 5,
        "gen_time": 73.81087756156921
      },
      "shape": {
        "blip_vqa": 0.4439065306447446,
        "blip_std": 0.4588459370470911,
        "num_images": 5,
        "gen_time": 69.64120101928711
      },
      "texture": {
        "blip_vqa": 0.21013368121348322,
        "blip_std": 0.3953134080837698,
        "num_images": 5,
        "gen_time": 71.18541407585144
      }
    },
    "ToMe (Hyp.)": {
      "color": {
        "blip_vqa": 0.40203625151189043,
        "blip_std": 0.4882432558768251,
        "num_images": 5,
        "gen_time": 49.0570707321167
      },
      "shape": {
        "blip_vqa": 0.4579891124740243,
        "blip_std": 0.446375648966442,
        "num_images": 5,
        "gen_time": 54.13298010826111
      },
      "texture": {
        "blip_vqa": 0.055007723640301265,
        "blip_std": 0.10276451620145587,
        "num_images": 5,
        "gen_time": 48.55337429046631
      }
    }
  },
  "ablation": {
    "A": {
      "color": {
        "blip_vqa": 0.2442120651714504,
        "blip_std": 0.38135950983817474
      },
      "shape": {
        "blip_vqa": 0.43564827954396607,
        "blip_std": 0.4648151067561888
      },
      "texture": {
        "blip_vqa": 0.20607739826955368,
        "blip_std": 0.39702349392841585
      }
    },
    "B": {
      "color": {
        "blip_vqa": 0.2318712190259248,
        "blip_std": 0.38633999132797814
      },
      "shape": {
        "blip_vqa": 0.4048986229347065,
        "blip_std": 0.4859209756378442
      },
      "texture": {
        "blip_vqa": 0.20536864064924884,
        "blip_std": 0.3973804120767383
      }
    },
    "C": {
      "color": {
        "blip_vqa": 0.2453512186650187,
        "blip_std": 0.381157942430913
      },
      "shape": {
        "blip_vqa": 0.4029325325973332,
        "blip_std": 0.48750812064790394
      },
      "texture": {
        "blip_vqa": 0.20563372608739883,
        "blip_std": 0.39721107124112964
      }
    },
    "D": {
      "color": {
        "blip_vqa": 0.24198211063630878,
        "blip_std": 0.3818047595646682
      },
      "shape": {
        "blip_vqa": 0.23815538976341485,
        "blip_std": 0.3834794670796603
      },
      "texture": {
        "blip_vqa": 0.20692577204899862,
        "blip_std": 0.3965829097870824
      }
    },
    "E": {
      "color": {
        "blip_vqa": 0.4133288878831081,
        "blip_std": 0.47948914191713643
      },
      "shape": {
        "blip_vqa": 0.23192775640636681,
        "blip_std": 0.3877081145863515
      },
      "texture": {
        "blip_vqa": 0.20681180222454715,
        "blip_std": 0.3966624413792373
      }
    },
    "F": {
      "color": {
        "blip_vqa": 0.22281832026783377,
        "blip_std": 0.3904915360578497
      },
      "shape": {
        "blip_vqa": 0.40441840861458334,
        "blip_std": 0.48630971536795903
      },
      "texture": {
        "blip_vqa": 0.20608746796642663,
        "blip_std": 0.3970392072447762
      }
    },
    "Ours": {
      "color": {
        "blip_vqa": 0.2429896302521229,
        "blip_std": 0.38166562696324674
      },
      "shape": {
        "blip_vqa": 0.4059807347133756,
        "blip_std": 0.4850747536930513
      },
      "texture": {
        "blip_vqa": 0.21477842590538784,
        "blip_std": 0.3929475789897184
      }
    }
  },
  "hyp_comp": {
    "euclidean": {
      "B": {
        "color": {
          "blip_vqa": 0.2318712190259248,
          "blip_std": 0.38633999132797814
        },
        "shape": {
          "blip_vqa": 0.4048986229347065,
          "blip_std": 0.4859209756378442
        },
        "texture": {
          "blip_vqa": 0.20536864064924884,
          "blip_std": 0.3973804120767383
        }
      },
      "C": {
        "color": {
          "blip_vqa": 0.4130084356293082,
          "blip_std": 0.479767883299474
        },
        "shape": {
          "blip_vqa": 0.24728237467352301,
          "blip_std": 0.38475325866126964
        },
        "texture": {
          "blip_vqa": 0.20348041526012822,
          "blip_std": 0.3982745532315357
        }
      },
      "F": {
        "color": {
          "blip_vqa": 0.22774519284721464,
          "blip_std": 0.3891022683422501
        },
        "shape": {
          "blip_vqa": 0.40465765797998754,
          "blip_std": 0.4861165405254075
        },
        "texture": {
          "blip_vqa": 0.2055720634642057,
          "blip_std": 0.39727524682329207
        }
      },
      "Ours": {
        "color": {
          "blip_vqa": 0.24057705099694432,
          "blip_std": 0.3842684154833442
        },
        "shape": {
          "blip_vqa": 0.4033071355195716,
          "blip_std": 0.48721920165167093
        },
        "texture": {
          "blip_vqa": 0.20442613779741806,
          "blip_std": 0.39781482143296487
        }
      }
    },
    "hyperbolic": {
      "Hyp-B": {
        "color": {
          "blip_vqa": 0.23677686133887618,
          "blip_std": 0.38557248913713216
        },
        "shape": {
          "blip_vqa": 0.43945104982703925,
          "blip_std": 0.4622554049661452
        },
        "texture": {
          "blip_vqa": 0.20398966136563104,
          "blip_std": 0.39803498634928103
        }
      },
      "Hyp-C": {
        "color": {
          "blip_vqa": 0.2426306434907019,
          "blip_std": 0.38616282248604256
        },
        "shape": {
          "blip_vqa": 0.4616760106291622,
          "blip_std": 0.45096324262240134
        },
        "texture": {
          "blip_vqa": 0.20374329501355531,
          "blip_std": 0.39814616464460145
        }
      },
      "Hyp-F": {
        "color": {
          "blip_vqa": 0.4039640436763875,
          "blip_std": 0.48669834755901054
        },
        "shape": {
          "blip_vqa": 0.33715207166969774,
          "blip_std": 0.3545007650626148
        },
        "texture": {
          "blip_vqa": 0.04361365138320252,
          "blip_std": 0.07891694771098887
        }
      },
      "Hyp-Ours": {
        "color": {
          "blip_vqa": 0.4015789264580235,
          "blip_std": 0.4886124305219909
        },
        "shape": {
          "blip_vqa": 0.4582191824913025,
          "blip_std": 0.44614502868533956
        },
        "texture": {
          "blip_vqa": 0.20303362713311798,
          "blip_std": 0.3984977656511962
        }
      }
    }
  },
  "curvature": {
    "c=0.5": {
      "color": {
        "blip_vqa": 0.4028573092888109,
        "blip_std": 0.48757907239204307
      },
      "shape": {
        "blip_vqa": 0.4564258272293955,
        "blip_std": 0.44795204607836947
      },
      "texture": {
        "blip_vqa": 0.20437021555844695,
        "blip_std": 0.397863022135436
      }
    },
    "c=1.0": {
      "color": {
        "blip_vqa": 0.4015244628069922,
        "blip_std": 0.4886560693233805
      },
      "shape": {
        "blip_vqa": 0.45888524372130635,
        "blip_std": 0.4454793810014847
      },
      "texture": {
        "blip_vqa": 0.06596320550888776,
        "blip_std": 0.12446980744996435
      }
    },
    "c=2.0": {
      "color": {
        "blip_vqa": 0.6003276043455117,
        "blip_std": 0.48949674416729655
      },
      "shape": {
        "blip_vqa": 0.32200521647464486,
        "blip_std": 0.3669252712801352
      },