{
  "main": {
    "SDXL (baseline)": {
      "color": {
        "blip_vqa": 0.5915110804703702,
        "blip_std": 0.35485326411237467,
        "num_images": 300,
        "gen_time": 960.6752278804779
      },
      "shape": {
        "blip_vqa": 0.3215900930637158,
        "blip_std": 0.2504237035733077,
        "num_images": 300,
        "gen_time": 972.5745787620544
      },
      "texture": {
        "blip_vqa": 0.3064904030571826,
        "blip_std": 0.2618257657200448,
        "num_images": 300,
        "gen_time": 979.5588343143463
      }
    },
    "ToMe (Eucl.)": {
      "color": {
        "blip_vqa": 0.3164043456677572,
        "blip_std": 0.2671582300143881,
        "num_images": 300,
        "gen_time": 4217.827301263809
      },
      "shape": {
        "blip_vqa": 0.23448136700935895,
        "blip_std": 0.23831346246055463,
        "num_images": 300,
        "gen_time": 3847.546768426895
      },
      "texture": {
        "blip_vqa": 0.27782603948218093,
        "blip_std": 0.26667710760990804,
        "num_images": 300,
        "gen_time": 4388.930042505264
      }
    },
    "ToMe (Hyp.)": {
      "color": {
        "blip_vqa": 0.07112975129433563,
        "blip_std": 0.059562000213064216,
        "num_images": 300,
        "gen_time": 4396.632368803024
      },
      "shape": {
        "blip_vqa": 0.07442572690094468,
        "blip_std": 0.056676089018328775,
        "num_images": 300,
        "gen_time": 4357.77672958374
      },
      "texture": {
        "blip_vqa": 0.09313570818878289,
        "blip_std": 0.05817706653291694,
        "num_images": 300,
        "gen_time": 4572.30600810051
      }
    }
  }
}