{
  "main": {
    "SDXL (baseline)": {
      "color": {
        "blip_vqa": 0.8084346430550795,
        "blip_std": 0.3835961367886525,
        "num_images": 10,
        "num_eval_pairs": 20,
        "gen_time": 52.82922911643982
      },
      "shape": {
        "blip_vqa": 0.17145362693972857,
        "blip_std": 0.3518933119114846,
        "num_images": 10,
        "num_eval_pairs": 20,
        "gen_time": 36.236984729766846
      },
      "texture": {
        "blip_vqa": 0.28678315710127017,
        "blip_std": 0.4322785119680208,
        "num_images": 10,
        "num_eval_pairs": 19,
        "gen_time": 37.83953094482422
      }
    },
    "ToMe (Eucl.)": {
      "color": {
        "blip_vqa": 0.6659463893156499,
        "blip_std": 0.4556218430340657,
        "num_images": 10,
        "num_eval_pairs": 20,
        "gen_time": 150.5312328338623
      },
      "shape": {
        "blip_vqa": 0.13105942342981508,
        "blip_std": 0.2950358115426873,
        "num_images": 10,
        "num_eval_pairs": 20,
        "gen_time": 132.78112816810608
      },
      "texture": {
        "blip_vqa": 0.2253000424059696,
        "blip_std": 0.40080566765411557,
        "num_images": 10,
        "num_eval_pairs": 19,
        "gen_time": 144.15918135643005
      }
    },
    "ToMe (Hyp.)": {
      "color": {
        "blip_vqa": 0.1599015977117233,
        "blip_std": 0.2860597929773969,
        "num_images": 10,
        "num_eval_pairs": 20,
        "gen_time": 133.4706311225891
      },
      "shape": {
        "blip_vqa": 0.02307608189566963,
        "blip_std": 0.047244576540072025,
        "num_images": 10,
        "num_eval_pairs": 20,
        "gen_time": 125.64617848396301
      },
      "texture": {
        "blip_vqa": 0.17267843352486748,
        "blip_std": 0.35933737920880304,
        "num_images": 10,
        "num_eval_pairs": 19,
        "gen_time": 131.50876379013062
      }
    }
  },
  "ablation": {
    "A": {
      "color": {
        "blip_vqa": 0.8084346430550795,
        "blip_std": 0.3835961367886525
      },
      "shape": {
        "blip_vqa": 0.17145362693972857,
        "blip_std": 0.3518933119114846
      },
      "texture": {
        "blip_vqa": 0.28678315710127017,
        "blip_std": 0.4322785119680208
      }
    },
    "B": {
      "color": {
        "blip_vqa": 0.6400661652442068,
        "blip_std": 0.44543836548456406
      },
      "shape": {
        "blip_vqa": 0.11714871214953745,
        "blip_std": 0.2967324202301862
      },
      "texture": {
        "blip_vqa": 0.23123287541047352,
        "blip_std": 0.39874641791894033
      }
    },
    "C": {
      "color": {
        "blip_vqa": 0.7349623793270439,
        "blip_std": 0.40706762373382854
      },
      "shape": {
        "blip_vqa": 0.16640794200775416,
        "blip_std": 0.35128483868681637
      },
      "texture": {
        "blip_vqa": 0.22905456624108697,
        "blip_std": 0.3991151569473949
      }
    },
    "D": {
      "color": {
        "blip_vqa": 0.8131846160278655,
        "blip_std": 0.3766316650282006
      },
      "shape": {
        "blip_vqa": 0.0835169646590657,
        "blip_std": 0.21611090814040224
      },
      "texture": {
        "blip_vqa": 0.27721773947134926,
        "blip_std": 0.43305407350851965
      }
    },
    "E": {
      "color": {
        "blip_vqa": 0.8082861534960102,
        "blip_std": 0.3844754679408688
      },
      "shape": {
        "blip_vqa": 0.08188938661960492,
        "blip_std": 0.21646406669266963
      },
      "texture": {
        "blip_vqa": 0.2268806145090677,
        "blip_std": 0.40039144140588373
      }
    },
    "F": {
      "color": {
        "blip_vqa": 0.6035295657813549,
        "blip_std": 0.4406748961180611
      },
      "shape": {
        "blip_vqa": 0.028860306799015235,
        "blip_std": 0.0468654325223266
      },
      "texture": {
        "blip_vqa": 0.2298516369168953,
        "blip_std": 0.3990713828088087
      }
    },
    "Ours": {
      "color": {
        "blip_vqa": 0.7455477699637413,
        "blip_std": 0.3906096229509475
      },
      "shape": {
        "blip_vqa": 0.12311850112023422,
        "blip_std": 0.29516234785349216
      },
      "texture": {
        "blip_vqa": 0.17742547546329565,
        "blip_std": 0.35754634052865586
      }
    }
  },
  "hyp_comp": {
    "euclidean": {
      "B": {
        "color": {
          "blip_vqa": 0.6400661652442068,
          "blip_std": 0.44543836548456406
        },
        "shape": {
          "blip_vqa": 0.11714871214953745,
          "blip_std": 0.2967324202301862
        },
        "texture": {
          "blip_vqa": 0.23123287541047352,
          "blip_std": 0.39874641791894033
        }
      },
      "C": {
        "color": {
          "blip_vqa": 0.7220193246379495,
          "blip_std": 0.42504860895002033
        },
        "shape": {
          "blip_vqa": 0.12104477328798566,
          "blip_std": 0.29539341747436026
        },
        "texture": {
          "blip_vqa": 0.22530891521110838,
          "blip_std": 0.40095859370182146
        }
      },
      "F": {
        "color": {
          "blip_vqa": 0.6439771819859743,
          "blip_std": 0.4382578276779725
        },
        "shape": {
          "blip_vqa": 0.02779229016205136,
          "blip_std": 0.04557283962159311
        },
        "texture": {
          "blip_vqa": 0.22975989428998314,
          "blip_std": 0.39911171462853
        }
      },
      "Ours": {
        "color": {
          "blip_vqa": 0.7226660043932498,
          "blip_std": 0.42409587205702054
        },
        "shape": {
          "blip_vqa": 0.12608877597335777,
          "blip_std": 0.29496441976709403
        },
        "texture": {
          "blip_vqa": 0.23364343845643912,
          "blip_std": 0.39697890935466795
        }
      }
    },
    "hyperbolic": {
      "Hyp-B": {
        "color": {
          "blip_vqa": 0.733890474983491,
          "blip_std": 0.414234291584395
        },
        "shape": {
          "blip_vqa": 0.059396965767382424,
          "blip_std": 0.21662007631466063
        },
        "texture": {
          "blip_vqa": 0.1772459082552048,
          "blip_std": 0.35796410683660884
        }
      },
      "Hyp-C": {
        "color": {
          "blip_vqa": 0.11281645108829252,
          "blip_std": 0.21158418301243345
        },
        "shape": {
          "blip_vqa": 0.023410887284080674,
          "blip_std": 0.04710873917859869
        },
        "texture": {
          "blip_vqa": 0.0683993256941329,
          "blip_std": 0.22124890181220913
        }
      },
      "Hyp-F": {
        "color": {
          "blip_vqa": 0.6248041334445589,
          "blip_std": 0.46166850872222287
        },
        "shape": {
          "blip_vqa": 0.02205386724544951,
          "blip_std": 0.0471712891214962
        },
        "texture": {
          "blip_vqa": 0.17356877487195801,
          "blip_std": 0.3587680176901819
        }
      },
      "Hyp-Ours": {
        "color": {
          "blip_vqa": 0.11281645108829252,
          "blip_std": 0.21158418301243345
        },
        "shape": {
          "blip_vqa": 0.023410887284080674,
          "blip_std": 0.04710873917859869
        },
        "texture": {
          "blip_vqa": 0.1198307627545498,
          "blip_std": 0.30289374520950335
        }
      }
    }
  },
  "curvature": {
    "c=0.5": {
      "color": {
        "blip_vqa": 0.11281645108829252,
        "blip_std": 0.21158418301243345
      },
      "shape": {
        "blip_vqa": 0.023410887284080674,
        "blip_std": 0.04710873917859869
      },
      "texture": {
        "blip_vqa": 0.12104727348426088,
        "blip_std": 0.30254801548504184
      }
    },
    "c=1.0": {
      "color": {
        "blip_vqa": 0.11281645108829252,
        "blip_std": 0.21158418301243345
      },
      "shape": {
        "blip_vqa": 0.023410887284080674,
        "blip_std": 0.04710873917859869
      },
      "texture": {
        "blip_vqa": 0.11837721509379519,