{
  "completed": [
    "ablation"
  ],
  "results": {
    "ablation": {
      "A": {
        "color": {
          "blip_vqa": 0.6348658915888038,
          "blip_std": 0.4609954916925299
        },
        "shape": {
          "blip_vqa": 0.130969328589465,
          "blip_std": 0.2979313853807198
        },
        "texture": {
          "blip_vqa": 0.16246311043232725,
          "blip_std": 0.34669730910751767
        }
      },
      "B": {
        "color": {
          "blip_vqa": 0.5861905438395171,
          "blip_std": 0.45876273539203105
        },
        "shape": {
          "blip_vqa": 0.12027609718126132,
          "blip_std": 0.2905939331877931
        },
        "texture": {
          "blip_vqa": 0.15450478440611917,
          "blip_std": 0.3415706023220974
        }
      },
      "C": {
        "color": {
          "blip_vqa": 0.6717977678869608,
          "blip_std": 0.44074833469844427
        },
        "shape": {
          "blip_vqa": 0.13965741783467292,
          "blip_std": 0.31171820966234215
        },
        "texture": {
          "blip_vqa": 0.2000303646991863,
          "blip_std": 0.3798939896217198
        }
      },
      "D": {
        "color": {
          "blip_vqa": 0.6717720431689814,
          "blip_std": 0.4487788772222808
        },
        "shape": {
          "blip_vqa": 0.1221315884701913,
          "blip_std": 0.2898171385436135
        },
        "texture": {
          "blip_vqa": 0.14212716129477035,
          "blip_std": 0.3247710710815067
        }
      },
      "E": {
        "color": {
          "blip_vqa": 0.6773588784199825,
          "blip_std": 0.4471762610320781
        },
        "shape": {
          "blip_vqa": 0.13131352435764584,
          "blip_std": 0.3001382290163049
        },
        "texture": {
          "blip_vqa": 0.14202094150272696,
          "blip_std": 0.32485066609303165
        }
      },
      "F": {
        "color": {
          "blip_vqa": 0.5937694655140944,
          "blip_std": 0.45698354613552816
        },
        "shape": {
          "blip_vqa": 0.11559145567488528,
          "blip_std": 0.28213634802676335
        },
        "texture": {
          "blip_vqa": 0.15054192178088524,
          "blip_std": 0.3373576141071623
        }
      },
      "Ours": {
        "color": {
          "blip_vqa": 0.651377471635646,
          "blip_std": 0.44628701797275844
        },
        "shape": {
          "blip_vqa": 0.14709033626269064,
          "blip_std": 0.31931736264504906
        },
        "texture": {
          "blip_vqa": 0.19451237528002152,
          "blip_std": 0.3753922018373336
        }
      }
    }
  },
  "sub_completed": {
    "ablation::A::color": {
      "blip_vqa": 0.6348658915888038,
      "blip_std": 0.4609954916925299
    },
    "ablation::A::shape": {
      "blip_vqa": 0.130969328589465,
      "blip_std": 0.2979313853807198
    },
    "ablation::A::texture": {
      "blip_vqa": 0.16246311043232725,
      "blip_std": 0.34669730910751767
    },
    "ablation::B::color": {
      "blip_vqa": 0.5861905438395171,
      "blip_std": 0.45876273539203105
    },
    "ablation::B::shape": {
      "blip_vqa": 0.12027609718126132,
      "blip_std": 0.2905939331877931
    },
    "ablation::B::texture": {
      "blip_vqa": 0.15450478440611917,
      "blip_std": 0.3415706023220974
    },
    "ablation::C::color": {
      "blip_vqa": 0.6717977678869608,
      "blip_std": 0.44074833469844427
    },
    "ablation::C::shape": {
      "blip_vqa": 0.13965741783467292,
      "blip_std": 0.31171820966234215
    },
    "ablation::C::texture": {
      "blip_vqa": 0.2000303646991863,
      "blip_std": 0.3798939896217198
    },
    "ablation::D::color": {
      "blip_vqa": 0.6717720431689814,
      "blip_std": 0.4487788772222808
    },
    "ablation::D::shape": {
      "blip_vqa": 0.1221315884701913,
      "blip_std": 0.2898171385436135
    },
    "ablation::D::texture": {
      "blip_vqa": 0.14212716129477035,
      "blip_std": 0.3247710710815067
    },
    "ablation::E::color": {
      "blip_vqa": 0.6773588784199825,
      "blip_std": 0.4471762610320781
    },
    "ablation::E::shape": {
      "blip_vqa": 0.13131352435764584,
      "blip_std": 0.3001382290163049
    },
    "ablation::E::texture": {
      "blip_vqa": 0.14202094150272696,
      "blip_std": 0.32485066609303165
    },
    "ablation::F::color": {
      "blip_vqa": 0.5937694655140944,
      "blip_std": 0.45698354613552816
    },
    "ablation::F::shape": {
      "blip_vqa": 0.11559145567488528,
      "blip_std": 0.28213634802676335
    },
    "ablation::F::texture": {
      "blip_vqa": 0.15054192178088524,
      "blip_std": 0.3373576141071623
    },
    "ablation::Ours::color": {
      "blip_vqa": 0.651377471635646,
      "blip_std": 0.44628701797275844
    },
    "ablation::Ours::shape": {
      "blip_vqa": 0.14709033626269064,
      "blip_std": 0.31931736264504906
    },
    "ablation::Ours::texture": {
      "blip_vqa": 0.19451237528002152,
      "blip_std": 0.3753922018373336
    }
  }
}