{
  "completed": [
    "time",
    "gpt4o",
    "qualitative",
    "main"
  ],
  "results": {
    "main": {
      "SDXL (baseline)": {
        "color": {
          "blip_vqa": 0.6348658915888038,
          "blip_std": 0.4609954916925299,
          "num_images": 300,
          "num_eval_pairs": 595,
          "gen_time": 962.702910900116
        },
        "shape": {
          "blip_vqa": 0.130969328589465,
          "blip_std": 0.2979313853807198,
          "num_images": 300,
          "num_eval_pairs": 619,
          "gen_time": 966.0691685676575
        },
        "texture": {
          "blip_vqa": 0.16246311043232725,
          "blip_std": 0.34669730910751767,
          "num_images": 300,
          "num_eval_pairs": 711,
          "gen_time": 970.6520192623138
        }
      },
      "ToMe (Eucl.)": {
        "color": {
          "blip_vqa": 0.6715428920897901,
          "blip_std": 0.4431973487565394,
          "num_images": 300,
          "num_eval_pairs": 595,
          "gen_time": 4088.800081729889
        },
        "shape": {
          "blip_vqa": 0.1436490620395248,
          "blip_std": 0.3155996338376409,
          "num_images": 300,
          "num_eval_pairs": 619,
          "gen_time": 3745.3586246967316
        },
        "texture": {
          "blip_vqa": 0.17620946090093392,
          "blip_std": 0.3567405188423846,
          "num_images": 300,
          "num_eval_pairs": 711,
          "gen_time": 4312.077407360077
        }
      },
      "ToMe (Hyp.)": {
        "color": {
          "blip_vqa": 0.5790628349909708,
          "blip_std": 0.46616842585298257,
          "num_images": 300,
          "num_eval_pairs": 595,
          "gen_time": 2725.472480773926
        },
        "shape": {
          "blip_vqa": 0.09933915276446668,
          "blip_std": 0.26550365391432384,
          "num_images": 300,
          "num_eval_pairs": 619,
          "gen_time": 2986.7406916618347
        },
        "texture": {
          "blip_vqa": 0.11680571567411688,
          "blip_std": 0.30236509950857215,
          "num_images": 300,
          "num_eval_pairs": 711,
          "gen_time": 3173.474330663681
        }
      }
    },
    "time": {
      "SDXL (baseline)": {
        "per_image": 3.4542226314544684,
        "per_image_std": 0.022301641518041492,
        "total_images": 15
      },
      "ToMe (Eucl.)": {
        "per_image": 14.602624543507893,
        "per_image_std": 0.12345835508140578,
        "total_images": 15
      },
      "ToMe (Hyp.)": {
        "per_image": 8.7603093624115,
        "per_image_std": 0.04495065543771489,
        "total_images": 15
      }
    },
    "gpt4o": {
      "SDXL_baseline": {
        "num_images": 50
      },
      "ToMe_Eucl": {
        "num_images": 48
      },
      "ToMe_Hyp": {
        "num_images": 48
      }
    },
    "qualitative": {
      "status": "completed",
      "output_dir": "./paper_results/figures/qualitative"
    },
    "attention": {
      "error": "The size of tensor a (20) must match the size of tensor b (40) at non-singleton dimension 0"
    }
  },
  "sub_completed": {
    "main::SDXL (baseline)::color": {
      "blip_vqa": 0.6348658915888038,
      "blip_std": 0.4609954916925299,
      "num_images": 300,
      "num_eval_pairs": 595,
      "gen_time": 962.702910900116
    },
    "main::SDXL (baseline)::shape": {
      "blip_vqa": 0.130969328589465,
      "blip_std": 0.2979313853807198,
      "num_images": 300,
      "num_eval_pairs": 619,
      "gen_time": 966.0691685676575
    },
    "main::SDXL (baseline)::texture": {
      "blip_vqa": 0.16246311043232725,
      "blip_std": 0.34669730910751767,
      "num_images": 300,
      "num_eval_pairs": 711,
      "gen_time": 970.6520192623138
    },
    "main::ToMe (Eucl.)::color": {
      "blip_vqa": 0.6715428920897901,
      "blip_std": 0.4431973487565394,
      "num_images": 300,
      "num_eval_pairs": 595,
      "gen_time": 4088.800081729889
    },
    "main::ToMe (Eucl.)::shape": {
      "blip_vqa": 0.1436490620395248,
      "blip_std": 0.3155996338376409,
      "num_images": 300,
      "num_eval_pairs": 619,
      "gen_time": 3745.3586246967316
    },
    "main::ToMe (Eucl.)::texture": {
      "blip_vqa": 0.17620946090093392,
      "blip_std": 0.3567405188423846,
      "num_images": 300,
      "num_eval_pairs": 711,
      "gen_time": 4312.077407360077
    },
    "main::ToMe (Hyp.)::color": {
      "blip_vqa": 0.5790628349909708,
      "blip_std": 0.46616842585298257,
      "num_images": 300,
      "num_eval_pairs": 595,
      "gen_time": 2725.472480773926
    },
    "main::ToMe (Hyp.)::shape": {
      "blip_vqa": 0.09933915276446668,
      "blip_std": 0.26550365391432384,
      "num_images": 300,
      "num_eval_pairs": 619,
      "gen_time": 2986.7406916618347
    },
    "main::ToMe (Hyp.)::texture": {
      "blip_vqa": 0.11680571567411688,
      "blip_std": 0.30236509950857215,
      "num_images": 300,
      "num_eval_pairs": 711,
      "gen_time": 3173.474330663681
    }
  }
}